SEASON_ID,TEAM_ID,TEAM_ABBREVIATION,TEAM_NAME,GAME_ID,GAME_DATE,MATCHUP,WL,MIN,PTS,FGM,FGA,FG_PCT,FG3M,FG3A,FG3_PCT,FTM,FTA,FT_PCT,OREB,DREB,REB,AST,STL,BLK,TOV,PF,PLUS_MINUS,NUM_WINS,NUM_LOSSES
22015,1610612743,DEN,Denver Nuggets,1521500003,2015-07-10,DEN vs. ATL,W,200,86,33,70,0.47100000000000003,2,17,0.11800000000000001,18,20,0.9,5,23,28,15,10,7,15,24,15.0,1.0,0.0
22015,1610612743,DEN,Denver Nuggets,1521500019,2015-07-12,DEN vs. SAC,W,199,98,38,81,0.469,12,29,0.414,10,14,0.7140000000000001,15,28,43,22,14,3,15,24,22.0,2.0,0.0
22015,1610612743,DEN,Denver Nuggets,1521500027,2015-07-13,DEN vs. MIA,W,201,86,29,64,0.45299999999999996,9,23,0.391,19,27,0.7040000000000001,8,23,31,14,7,4,9,19,1.4,3.0,0.0
22015,1610612743,DEN,Denver Nuggets,1521500050,2015-07-16,DEN vs. ATL,L,200,73,31,70,0.44299999999999995,5,19,0.263,6,18,0.33299999999999996,11,32,43,17,10,4,24,25,-9.0,3.0,1.0
22015,1610612743,DEN,Denver Nuggets,1521500059,2015-07-17,DEN vs. WAS,L,200,89,32,76,0.42100000000000004,9,26,0.34600000000000003,16,21,0.762,9,25,34,16,4,4,12,27,-8.0,3.0,2.0
12015,1610612743,DEN,Denver Nuggets,11500001,2015-10-02,DEN @ LAC,L,240,96,37,87,0.425,7,18,0.389,15,20,0.75,14,43,57,16,9,2,23,26,-7.0,3.0,3.0
12015,1610612743,DEN,Denver Nuggets,11500015,2015-10-06,DEN @ DAL,W,240,96,36,85,0.424,8,28,0.28600000000000003,16,19,0.8420000000000001,13,39,52,22,11,3,22,17,10.0,4.0,3.0
12015,1610612743,DEN,Denver Nuggets,11500025,2015-10-08,DEN vs. CHI,W,241,112,39,83,0.47,8,26,0.308,26,35,0.743,9,33,42,24,14,1,12,29,18.0,5.0,3.0
12015,1610612743,DEN,Denver Nuggets,11500056,2015-10-13,DEN @ GSW,W,241,114,45,91,0.495,9,21,0.429,15,25,0.6,8,40,48,29,5,3,15,24,11.0,6.0,3.0
12015,1610612743,DEN,Denver Nuggets,11500066,2015-10-16,DEN vs. PHX,W,240,106,34,83,0.41,8,25,0.32,30,39,0.769,19,43,62,21,9,6,18,22,25.0,7.0,3.0
12015,1610612743,DEN,Denver Nuggets,11500079,2015-10-18,DEN @ OKC,L,240,98,37,82,0.451,5,19,0.263,19,29,0.655,11,23,34,18,8,4,12,26,-13.0,7.0,4.0
12015,1610612743,DEN,Denver Nuggets,11500098,2015-10-22,DEN @ UTA,L,241,78,29,80,0.363,9,25,0.36,11,19,0.579,9,32,41,15,8,2,15,22,-20.0,7.0,5.0
22015,1610612743,DEN,Denver Nuggets,21500010,2015-10-28,DEN @ HOU,W,241,105,40,79,0.506,13,27,0.48100000000000004,12,18,0.667,9,40,49,26,9,10,21,26,20.0,8.0,5.0
22015,1610612743,DEN,Denver Nuggets,21500029,2015-10-30,DEN vs. MIN,L,240,78,29,95,0.305,5,25,0.2,15,20,0.75,17,34,51,15,7,4,14,27,-17.0,8.0,6.0
22015,1610612743,DEN,Denver Nuggets,21500044,2015-11-01,DEN @ OKC,L,239,93,35,92,0.38,9,26,0.34600000000000003,14,19,0.737,14,21,35,20,8,3,13,17,-24.0,8.0,7.0
22015,1610612743,DEN,Denver Nuggets,21500059,2015-11-03,DEN @ LAL,W,240,120,43,85,0.506,7,20,0.35,27,31,0.871,11,38,49,30,5,7,14,23,11.0,9.0,7.0
22015,1610612743,DEN,Denver Nuggets,21500073,2015-11-05,DEN vs. UTA,L,241,84,28,72,0.389,5,20,0.25,23,34,0.6759999999999999,11,34,45,16,4,6,13,14,-12.0,9.0,8.0
22015,1610612743,DEN,Denver Nuggets,21500083,2015-11-06,DEN @ GSW,L,238,104,39,92,0.424,8,24,0.33299999999999996,18,22,0.818,10,34,44,23,13,5,19,20,-15.0,9.0,9.0
22015,1610612743,DEN,Denver Nuggets,21500102,2015-11-09,DEN vs. POR,W,241,108,40,77,0.519,7,19,0.368,21,32,0.6559999999999999,8,39,47,20,5,7,14,20,4.0,10.0,9.0
22015,1610612743,DEN,Denver Nuggets,21500121,2015-11-11,DEN vs. MIL,W,239,103,39,79,0.494,8,24,0.33299999999999996,17,24,0.708,14,22,36,27,10,6,14,12,1.0,11.0,9.0
22015,1610612743,DEN,Denver Nuggets,21500136,2015-11-13,DEN vs. HOU,W,240,107,37,81,0.457,9,20,0.45,24,32,0.75,12,34,46,25,10,4,18,23,9.0,12.0,9.0
22015,1610612743,DEN,Denver Nuggets,21500143,2015-11-14,DEN @ PHX,L,240,81,34,98,0.34700000000000003,6,35,0.171,7,8,0.875,9,33,42,13,8,6,10,20,-24.0,12.0,10.0
22015,1610612743,DEN,Denver Nuggets,21500163,2015-11-17,DEN @ NOP,W,240,115,45,85,0.529,15,30,0.5,10,13,0.769,11,32,43,27,5,6,13,15,17.0,13.0,10.0
22015,1610612743,DEN,Denver Nuggets,21500172,2015-11-18,DEN @ SAS,L,240,98,38,98,0.38799999999999996,5,15,0.33299999999999996,17,18,0.9440000000000001,17,33,50,25,7,5,6,17,-11.0,13.0,11.0
22015,1610612743,DEN,Denver Nuggets,21500185,2015-11-20,DEN vs. PHX,L,241,107,41,90,0.456,5,24,0.20800000000000002,20,26,0.769,14,24,38,24,8,4,11,22,-7.0,13.0,12.0
22015,1610612743,DEN,Denver Nuggets,21500200,2015-11-22,DEN vs. GSW,L,239,105,37,86,0.43,4,15,0.267,27,35,0.7709999999999999,13,28,41,23,9,3,19,15,-13.0,13.0,13.0
22015,1610612743,DEN,Denver Nuggets,21500212,2015-11-24,DEN vs. LAC,L,241,94,31,78,0.397,8,25,0.32,24,29,0.828,8,40,48,16,3,0,16,32,-17.0,13.0,14.0
22015,1610612743,DEN,Denver Nuggets,21500235,2015-11-27,DEN vs. SAS,L,239,80,31,77,0.40299999999999997,7,20,0.35,11,13,0.846,8,29,37,17,8,2,18,19,-11.0,13.0,15.0
22015,1610612743,DEN,Denver Nuggets,21500241,2015-11-28,DEN @ DAL,L,239,81,30,75,0.4,8,25,0.32,13,17,0.765,10,35,45,17,9,5,20,22,-11.0,13.0,16.0
22015,1610612743,DEN,Denver Nuggets,21500258,2015-11-30,DEN @ MIL,L,241,74,28,75,0.373,6,19,0.316,12,16,0.75,10,33,43,19,6,4,22,20,-18.0,13.0,17.0
22015,1610612743,DEN,Denver Nuggets,21500273,2015-12-02,DEN @ CHI,L,240,90,36,93,0.387,5,15,0.33299999999999996,13,22,0.591,13,36,49,26,8,8,7,22,-9.0,13.0,18.0
22015,1610612743,DEN,Denver Nuggets,21500278,2015-12-03,DEN @ TOR,W,240,106,38,81,0.469,12,27,0.444,18,18,1.0,6,36,42,30,2,4,11,19,1.0,14.0,18.0
22015,1610612743,DEN,Denver Nuggets,21500289,2015-12-05,DEN @ PHI,W,240,108,37,81,0.457,11,31,0.355,23,38,0.605,13,34,47,25,8,4,17,21,3.0,15.0,18.0
22015,1610612743,DEN,Denver Nuggets,21500317,2015-12-08,DEN vs. ORL,L,240,74,28,84,0.33299999999999996,7,24,0.292,11,20,0.55,10,37,47,19,11,7,17,16,-11.0,15.0,19.0
22015,1610612743,DEN,Denver Nuggets,21500340,2015-12-11,DEN vs. MIN,W,266,111,38,86,0.442,11,28,0.39299999999999996,24,33,0.727,8,42,50,21,7,1,12,25,3.0,16.0,19.0
22015,1610612743,DEN,Denver Nuggets,21500365,2015-12-14,DEN vs. HOU,W,240,114,42,82,0.512,8,25,0.32,22,25,0.88,15,37,52,26,8,5,18,15,6.0,17.0,19.0
22015,1610612743,DEN,Denver Nuggets,21500368,2015-12-15,DEN @ MIN,W,241,112,41,73,0.562,10,18,0.556,20,27,0.741,10,29,39,24,9,6,14,26,12.0,18.0,19.0
22015,1610612743,DEN,Denver Nuggets,21500395,2015-12-18,DEN @ UTA,L,240,88,31,79,0.392,6,28,0.214,20,25,0.8,15,29,44,15,10,4,14,20,-9.0,18.0,20.0
22015,1610612743,DEN,Denver Nuggets,21500409,2015-12-20,DEN vs. NOP,L,240,125,45,96,0.469,17,35,0.486,18,22,0.818,13,26,39,26,5,4,5,25,-5.0,18.0,21.0
22015,1610612743,DEN,Denver Nuggets,21500422,2015-12-22,DEN vs. LAL,L,239,107,41,90,0.456,9,25,0.36,16,19,0.8420000000000001,13,31,44,26,2,5,12,24,-4.0,18.0,22.0
22015,1610612743,DEN,Denver Nuggets,21500433,2015-12-23,DEN @ PHX,W,241,104,42,91,0.462,14,35,0.4,6,13,0.462,13,37,50,26,6,7,17,20,8.0,19.0,22.0
22015,1610612743,DEN,Denver Nuggets,21500450,2015-12-26,DEN @ SAS,L,240,86,38,86,0.442,5,18,0.278,5,6,0.833,8,28,36,25,6,3,15,16,-15.0,19.0,23.0
22015,1610612743,DEN,Denver Nuggets,21500456,2015-12-27,DEN @ OKC,L,241,112,46,94,0.489,9,25,0.36,11,15,0.733,17,20,37,24,6,2,10,18,-10.0,19.0,24.0
22015,1610612743,DEN,Denver Nuggets,21500473,2015-12-29,DEN vs. CLE,L,239,87,37,89,0.41600000000000004,5,24,0.20800000000000002,8,11,0.727,12,40,52,18,8,6,18,19,-6.0,19.0,25.0
22015,1610612743,DEN,Denver Nuggets,21500482,2015-12-30,DEN @ POR,L,241,103,37,87,0.425,12,27,0.444,17,19,0.895,12,32,44,20,9,5,14,16,-7.0,19.0,26.0
22015,1610612743,DEN,Denver Nuggets,21500504,2016-01-02,DEN @ GSW,L,265,108,44,105,0.419,5,30,0.16699999999999998,15,23,0.652,24,28,52,27,7,0,13,23,-3.0,19.0,27.0
22015,1610612743,DEN,Denver Nuggets,21500509,2016-01-03,DEN vs. POR,L,240,106,34,80,0.425,7,22,0.318,31,48,0.6459999999999999,15,26,41,20,7,6,8,25,-6.0,19.0,28.0
22015,1610612743,DEN,Denver Nuggets,21500530,2016-01-06,DEN @ MIN,W,240,78,29,81,0.358,8,20,0.4,12,17,0.706,13,33,46,21,3,7,11,19,4.0,20.0,28.0
22015,1610612743,DEN,Denver Nuggets,21500542,2016-01-08,DEN @ MEM,L,241,84,32,87,0.368,4,19,0.21100000000000002,16,19,0.8420000000000001,19,40,59,19,2,4,17,24,-7.0,20.0,29.0
22015,1610612743,DEN,Denver Nuggets,21500563,2016-01-10,DEN vs. CHA,W,240,95,32,77,0.41600000000000004,12,27,0.444,19,23,0.826,8,36,44,25,7,7,13,20,3.0,21.0,29.0
22015,1610612743,DEN,Denver Nuggets,21500583,2016-01-13,DEN vs. GSW,W,239,112,37,87,0.425,5,22,0.22699999999999998,33,37,0.892,13,36,49,22,7,3,13,18,2.0,22.0,29.0
22015,1610612743,DEN,Denver Nuggets,21500600,2016-01-15,DEN vs. MIA,L,241,95,32,78,0.41,6,18,0.33299999999999996,25,26,0.9620000000000001,6,31,37,23,4,6,13,18,-3.0,22.0,30.0
22015,1610612743,DEN,Denver Nuggets,21500613,2016-01-17,DEN vs. IND,W,240,129,46,91,0.505,10,26,0.385,27,38,0.711,17,25,42,25,12,4,17,26,3.0,23.0,30.0
22015,1610612743,DEN,Denver Nuggets,21500627,2016-01-19,DEN vs. OKC,L,240,104,35,83,0.42200000000000004,7,20,0.35,27,36,0.75,12,36,48,21,5,6,17,25,-6.0,23.0,31.0
22015,1610612743,DEN,Denver Nuggets,21500642,2016-01-21,DEN vs. MEM,L,241,101,36,80,0.45,9,30,0.3,20,26,0.769,10,30,40,26,6,1,10,25,-1.0,23.0,32.0
22015,1610612743,DEN,Denver Nuggets,21500661,2016-01-23,DEN vs. DET,W,239,104,36,78,0.462,8,22,0.364,24,29,0.828,3,29,32,18,15,4,8,19,3.0,24.0,32.0
22015,1610612743,DEN,Denver Nuggets,21500672,2016-01-25,DEN vs. ATL,L,240,105,33,84,0.39299999999999996,6,20,0.3,33,37,0.892,12,31,43,18,10,3,15,18,-14.0,24.0,33.0
22015,1610612743,DEN,Denver Nuggets,21500685,2016-01-27,DEN @ BOS,L,239,103,36,84,0.429,7,21,0.33299999999999996,24,32,0.75,14,39,53,23,4,6,20,22,-8.0,24.0,34.0
22015,1610612743,DEN,Denver Nuggets,21500693,2016-01-28,DEN @ WAS,W,240,117,41,81,0.506,9,18,0.5,26,33,0.7879999999999999,7,32,39,25,9,5,15,25,4.0,25.0,34.0
22015,1610612743,DEN,Denver Nuggets,21500709,2016-01-30,DEN @ IND,L,264,105,40,87,0.46,4,18,0.222,21,25,0.84,8,37,45,24,10,3,19,22,-4.0,25.0,35.0
22015,1610612743,DEN,Denver Nuggets,21500727,2016-02-01,DEN vs. TOR,W,239,112,45,83,0.542,10,22,0.455,12,15,0.8,7,42,49,28,6,5,19,25,19.0,26.0,35.0
22015,1610612743,DEN,Denver Nuggets,21500743,2016-02-03,DEN @ UTA,L,240,81,26,70,0.371,4,18,0.222,25,33,0.758,9,32,41,11,12,2,14,19,-4.0,26.0,36.0
22015,1610612743,DEN,Denver Nuggets,21500757,2016-02-05,DEN vs. CHI,W,241,115,39,87,0.44799999999999995,6,18,0.33299999999999996,31,44,0.705,13,35,48,22,5,8,10,24,5.0,27.0,36.0
22015,1610612743,DEN,Denver Nuggets,21500770,2016-02-07,DEN @ NYK,W,241,101,37,86,0.43,5,21,0.23800000000000002,22,28,0.7859999999999999,11,37,48,20,6,3,7,19,5.0,28.0,36.0
22015,1610612743,DEN,Denver Nuggets,21500778,2016-02-08,DEN @ BKN,L,239,104,42,90,0.467,9,25,0.36,11,13,0.846,12,30,42,24,10,2,12,16,-1.0,28.0,37.0
22015,1610612743,DEN,Denver Nuggets,21500794,2016-02-10,DEN @ DET,W,240,103,39,83,0.47,6,19,0.316,19,24,0.792,8,39,47,25,10,3,12,13,11.0,29.0,37.0
22015,1610612743,DEN,Denver Nuggets,21500816,2016-02-19,DEN @ SAC,L,240,110,42,90,0.467,8,24,0.33299999999999996,18,26,0.6920000000000001,9,35,44,26,12,5,18,26,-6.0,29.0,38.0
22015,1610612743,DEN,Denver Nuggets,21500825,2016-02-21,DEN vs. BOS,L,239,101,34,73,0.466,6,21,0.28600000000000003,27,34,0.794,6,30,36,19,11,5,24,26,-20.0,29.0,39.0
22015,1610612743,DEN,Denver Nuggets,21500842,2016-02-23,DEN vs. SAC,L,241,110,41,100,0.41,10,27,0.37,18,22,0.818,12,32,44,27,10,3,12,25,-4.0,29.0,40.0
22015,1610612743,DEN,Denver Nuggets,21500853,2016-02-24,DEN @ LAC,W,241,87,34,90,0.37799999999999995,6,24,0.25,13,17,0.765,14,43,57,18,11,2,16,14,6.0,30.0,40.0
22015,1610612743,DEN,Denver Nuggets,21500866,2016-02-26,DEN @ DAL,L,266,116,43,93,0.462,9,29,0.31,21,31,0.677,18,31,49,18,7,3,15,26,-6.0,30.0,41.0
22015,1610612743,DEN,Denver Nuggets,21500888,2016-02-29,DEN vs. MEM,L,239,96,40,75,0.5329999999999999,8,25,0.32,8,10,0.8,8,32,40,27,3,4,19,26,-7.0,30.0,42.0
22015,1610612743,DEN,Denver Nuggets,21500906,2016-03-02,DEN vs. LAL,W,240,117,38,78,0.48700000000000004,12,23,0.522,29,38,0.763,7,35,42,22,3,6,11,20,10.0,31.0,42.0
22015,1610612743,DEN,Denver Nuggets,21500920,2016-03-04,DEN vs. BKN,L,265,120,46,96,0.479,6,26,0.231,22,25,0.88,17,33,50,28,8,6,15,20,-1.0,31.0,43.0
22015,1610612743,DEN,Denver Nuggets,21500933,2016-03-06,DEN vs. DAL,W,266,116,44,107,0.41100000000000003,9,26,0.34600000000000003,19,25,0.76,17,41,58,25,8,5,11,25,2.0,32.0,43.0
22015,1610612743,DEN,Denver Nuggets,21500946,2016-03-08,DEN vs. NYK,W,241,110,45,99,0.455,6,21,0.28600000000000003,14,19,0.737,11,34,45,28,9,3,6,22,16.0,33.0,43.0
22015,1610612743,DEN,Denver Nuggets,21500961,2016-03-10,DEN vs. PHX,W,240,116,44,91,0.484,13,28,0.46399999999999997,15,19,0.789,11,38,49,27,9,11,11,30,18.0,34.0,43.0
22015,1610612743,DEN,Denver Nuggets,21500980,2016-03-12,DEN vs. WAS,W,241,116,42,80,0.525,8,24,0.33299999999999996,24,29,0.828,9,35,44,24,10,8,21,27,16.0,35.0,43.0
22015,1610612743,DEN,Denver Nuggets,21500990,2016-03-14,DEN @ MIA,L,241,119,49,93,0.527,7,20,0.35,14,20,0.7,13,27,40,22,9,2,12,21,-5.0,35.0,44.0
22015,1610612743,DEN,Denver Nuggets,21500998,2016-03-15,DEN @ ORL,L,241,110,40,80,0.5,9,24,0.375,21,24,0.875,7,30,37,23,8,1,16,19,-6.0,35.0,45.0
22015,1610612743,DEN,Denver Nuggets,21501015,2016-03-17,DEN @ ATL,L,240,98,39,87,0.44799999999999995,6,22,0.273,14,17,0.8240000000000001,9,30,39,22,6,4,14,22,-18.0,35.0,46.0
22015,1610612743,DEN,Denver Nuggets,21501028,2016-03-19,DEN @ CHA,W,241,101,38,87,0.4370000000000001,9,18,0.5,16,23,0.696,14,37,51,19,6,4,13,21,8.0,36.0,46.0
22015,1610612743,DEN,Denver Nuggets,21501044,2016-03-21,DEN @ CLE,L,241,91,32,81,0.395,8,22,0.364,19,25,0.76,10,25,35,19,10,4,16,16,-33.0,36.0,47.0
22015,1610612743,DEN,Denver Nuggets,21501064,2016-03-23,DEN vs. PHI,W,240,104,33,76,0.434,6,17,0.353,32,40,0.8,7,39,46,18,7,9,16,19,1.0,37.0,47.0
22015,1610612743,DEN,Denver Nuggets,21501081,2016-03-25,DEN @ LAL,W,241,116,45,94,0.479,10,26,0.385,16,24,0.667,13,35,48,31,5,7,9,22,11.0,38.0,47.0
22015,1610612743,DEN,Denver Nuggets,21501092,2016-03-27,DEN @ LAC,L,240,90,37,94,0.39399999999999996,7,29,0.24100000000000002,9,13,0.6920000000000001,20,24,44,24,7,5,15,19,-15.0,38.0,48.0
22015,1610612743,DEN,Denver Nuggets,21501103,2016-03-28,DEN vs. DAL,L,241,88,31,70,0.44299999999999995,9,24,0.375,17,19,0.895,6,38,44,20,3,4,21,20,-9.0,38.0,49.0
22015,1610612743,DEN,Denver Nuggets,21501114,2016-03-30,DEN @ MEM,W,240,109,38,78,0.48700000000000004,13,29,0.44799999999999995,20,24,0.833,11,31,42,24,4,7,14,29,4.0,39.0,49.0
22015,1610612743,DEN,Denver Nuggets,21501125,2016-03-31,DEN @ NOP,L,241,95,36,83,0.434,10,27,0.37,13,17,0.765,8,32,40,28,10,7,13,15,-6.0,39.0,50.0
22015,1610612743,DEN,Denver Nuggets,21501141,2016-04-02,DEN vs. SAC,L,239,106,40,92,0.435,9,29,0.31,17,24,0.708,15,35,50,27,3,10,10,22,-9.0,39.0,51.0
22015,1610612743,DEN,Denver Nuggets,21501160,2016-04-05,DEN vs. OKC,L,241,102,37,88,0.42,10,30,0.33299999999999996,18,27,0.667,10,28,38,28,9,4,13,19,-22.0,39.0,52.0
22015,1610612743,DEN,Denver Nuggets,21501186,2016-04-08,DEN vs. SAS,W,241,102,40,86,0.465,6,22,0.273,16,19,0.8420000000000001,8,39,47,21,9,7,11,23,4.0,40.0,52.0
22015,1610612743,DEN,Denver Nuggets,21501198,2016-04-10,DEN vs. UTA,L,241,84,32,80,0.4,6,27,0.222,14,19,0.737,6,35,41,18,6,7,11,19,-16.0,40.0,53.0
22015,1610612743,DEN,Denver Nuggets,21501230,2016-04-13,DEN @ POR,L,240,99,40,94,0.426,7,25,0.28,12,18,0.667,20,33,53,24,10,6,20,19,-8.0,40.0,54.0
22016,1610612743,DEN,Denver Nuggets,1521600005,2016-07-08,DEN vs. MIN,W,199,88,30,69,0.435,5,23,0.217,23,35,0.657,13,24,37,17,5,2,11,26,6.0,1.0,0.0
22016,1610612743,DEN,Denver Nuggets,1521600009,2016-07-09,DEN @ MEM,W,201,106,38,79,0.48100000000000004,8,25,0.32,22,27,0.815,15,40,55,17,10,4,11,20,44.6,2.0,0.0
22016,1610612743,DEN,Denver Nuggets,1521600025,2016-07-11,DEN vs. MIA,L,199,81,30,70,0.429,5,22,0.22699999999999998,16,19,0.8420000000000001,11,24,35,13,7,4,12,23,-11.0,2.0,1.0
22016,1610612743,DEN,Denver Nuggets,1521600049,2016-07-14,DEN vs. UTA,W,199,80,28,63,0.444,6,18,0.33299999999999996,18,21,0.857,7,32,39,12,9,3,15,21,20.0,3.0,1.0
22016,1610612743,DEN,Denver Nuggets,1521600062,2016-07-16,DEN vs. PHX,L,210,81,33,80,0.413,4,16,0.25,11,18,0.611,20,28,48,10,8,4,16,19,-1.0,3.0,2.0
12016,1610612743,DEN,Denver Nuggets,11600004,2016-10-03,DEN @ TOR,W,239,108,35,76,0.461,7,23,0.304,31,44,0.705,13,32,45,24,6,7,16,22,2.0,4.0,2.0
12016,1610612743,DEN,Denver Nuggets,11600028,2016-10-07,DEN @ LAL,W,241,101,34,96,0.354,6,27,0.222,27,30,0.9,15,45,60,25,13,5,18,20,4.0,5.0,2.0
12016,1610612743,DEN,Denver Nuggets,11600036,2016-10-09,DEN @ LAL,L,240,115,39,82,0.47600000000000003,6,22,0.273,31,45,0.6890000000000001,15,39,54,21,5,4,20,24,-9.0,5.0,3.0
12016,1610612743,DEN,Denver Nuggets,11600050,2016-10-12,DEN @ MIN,L,241,88,30,73,0.41100000000000003,3,20,0.15,25,31,0.8059999999999999,10,35,45,19,7,3,25,28,-17.0,5.0,4.0
12016,1610612743,DEN,Denver Nuggets,11600063,2016-10-14,DEN vs. GSW,L,266,128,50,108,0.46299999999999997,12,29,0.414,16,23,0.696,17,43,60,28,9,3,16,26,-1.0,5.0,5.0
12016,1610612743,DEN,Denver Nuggets,11600075,2016-10-16,DEN @ POR,W,240,106,37,82,0.451,12,26,0.462,20,33,0.606,12,37,49,21,10,2,10,14,9.0,6.0,5.0
12016,1610612743,DEN,Denver Nuggets,11600081,2016-10-18,DEN @ OKC,L,239,87,32,92,0.348,4,25,0.16,19,30,0.633,16,33,49,15,9,5,16,12,-10.0,6.0,6.0
12016,1610612743,DEN,Denver Nuggets,11600098,2016-10-21,DEN vs. DAL,W,241,101,39,76,0.513,6,26,0.231,17,18,0.9440000000000001,10,39,49,26,5,4,21,25,26.0,7.0,6.0
22016,1610612743,DEN,Denver Nuggets,21600010,2016-10-26,DEN @ NOP,W,240,107,37,83,0.446,8,24,0.33299999999999996,25,33,0.758,11,47,58,18,7,4,24,22,5.0,8.0,6.0
22016,1610612743,DEN,Denver Nuggets,21600033,2016-10-29,DEN vs. POR,L,265,113,38,100,0.38,6,23,0.261,31,39,0.795,16,45,61,19,10,5,17,21,-2.0,8.0,7.0
22016,1610612743,DEN,Denver Nuggets,21600042,2016-10-31,DEN @ TOR,L,240,102,33,81,0.40700000000000003,9,22,0.409,27,35,0.7709999999999999,11,35,46,14,2,9,8,18,-3.0,8.0,8.0
22016,1610612743,DEN,Denver Nuggets,21600067,2016-11-03,DEN @ MIN,W,240,102,39,81,0.48100000000000004,6,22,0.273,18,25,0.72,7,37,44,24,10,2,20,24,3.0,9.0,8.0
22016,1610612743,DEN,Denver Nuggets,21600082,2016-11-05,DEN @ DET,L,241,86,31,94,0.33,7,25,0.28,17,20,0.85,16,32,48,15,8,2,16,15,-17.0,9.0,9.0
22016,1610612743,DEN,Denver Nuggets,21600091,2016-11-06,DEN @ BOS,W,239,123,44,84,0.524,11,23,0.478,24,31,0.774,9,38,47,21,7,6,17,23,16.0,10.0,9.0
22016,1610612743,DEN,Denver Nuggets,21600102,2016-11-08,DEN @ MEM,L,240,107,35,70,0.5,10,24,0.41700000000000004,27,34,0.794,6,33,39,24,6,4,22,23,-1.0,10.0,10.0
22016,1610612743,DEN,Denver Nuggets,21600119,2016-11-10,DEN vs. GSW,L,238,101,38,94,0.40399999999999997,13,36,0.361,12,17,0.706,17,27,44,26,7,3,18,18,-24.0,10.0,11.0
22016,1610612743,DEN,Denver Nuggets,21600138,2016-11-12,DEN vs. DET,L,240,95,36,84,0.429,9,25,0.36,14,19,0.737,14,28,42,15,6,4,15,14,-11.0,10.0,12.0
22016,1610612743,DEN,Denver Nuggets,21600144,2016-11-13,DEN @ POR,L,242,105,36,91,0.396,11,29,0.379,22,29,0.759,16,43,59,11,4,6,18,25,-7.0,10.0,13.0
22016,1610612743,DEN,Denver Nuggets,21600166,2016-11-16,DEN vs. PHX,W,240,120,45,93,0.484,8,17,0.47100000000000003,22,24,0.917,14,35,49,23,8,4,14,24,16.0,11.0,13.0
22016,1610612743,DEN,Denver Nuggets,21600181,2016-11-18,DEN vs. TOR,L,266,111,39,83,0.47,4,25,0.16,29,39,0.7440000000000001,9,50,59,29,7,4,19,26,-2.0,11.0,14.0
22016,1610612743,DEN,Denver Nuggets,21600197,2016-11-20,DEN vs. UTA,W,241,105,42,86,0.488,8,22,0.364,13,30,0.433,12,37,49,31,4,3,8,19,14.0,12.0,14.0
22016,1610612743,DEN,Denver Nuggets,21600210,2016-11-22,DEN vs. CHI,W,239,110,43,100,0.43,10,22,0.455,14,17,0.8240000000000001,17,38,55,26,5,6,10,14,3.0,13.0,14.0
22016,1610612743,DEN,Denver Nuggets,21600221,2016-11-23,DEN @ UTA,L,241,83,28,88,0.318,9,27,0.33299999999999996,18,31,0.581,14,35,49,14,5,5,10,22,-25.0,13.0,15.0
22016,1610612743,DEN,Denver Nuggets,21600235,2016-11-25,DEN vs. OKC,L,264,129,48,101,0.475,12,34,0.353,21,27,0.778,13,39,52,34,9,7,16,21,-3.0,13.0,16.0
22016,1610612743,DEN,Denver Nuggets,21600246,2016-11-27,DEN @ PHX,W,240,120,39,89,0.43799999999999994,13,29,0.44799999999999995,29,32,0.9059999999999999,10,39,49,21,5,1,12,25,6.0,14.0,16.0
22016,1610612743,DEN,Denver Nuggets,21600273,2016-11-30,DEN vs. MIA,L,240,98,38,91,0.418,7,22,0.318,15,24,0.625,14,41,55,28,3,7,19,21,-8.0,14.0,17.0
22016,1610612743,DEN,Denver Nuggets,21600290,2016-12-02,DEN vs. HOU,L,239,110,46,104,0.442,9,31,0.29,9,16,0.563,24,30,54,22,5,4,16,20,-18.0,14.0,18.0
22016,1610612743,DEN,Denver Nuggets,21600297,2016-12-03,DEN @ UTA,L,240,98,37,83,0.446,13,24,0.542,11,14,0.7859999999999999,7,30,37,19,7,5,14,21,-7.0,14.0,19.0
22016,1610612743,DEN,Denver Nuggets,21600304,2016-12-05,DEN @ PHI,W,241,106,35,76,0.461,10,27,0.37,26,34,0.765,10,35,45,17,13,8,19,20,8.0,15.0,19.0
22016,1610612743,DEN,Denver Nuggets,21600323,2016-12-07,DEN @ BKN,L,239,111,42,105,0.4,11,37,0.297,16,21,0.762,26,32,58,18,7,2,17,24,-5.0,15.0,20.0
22016,1610612743,DEN,Denver Nuggets,21600332,2016-12-08,DEN @ WAS,L,240,85,31,76,0.408,7,32,0.21899999999999997,16,24,0.667,14,31,45,24,8,2,27,24,-7.0,15.0,21.0
22016,1610612743,DEN,Denver Nuggets,21600347,2016-12-10,DEN @ ORL,W,240,121,47,83,0.5660000000000001,8,19,0.42100000000000004,19,25,0.76,9,35,44,25,2,4,12,20,8.0,16.0,21.0
22016,1610612743,DEN,Denver Nuggets,21600365,2016-12-12,DEN @ DAL,L,240,92,35,83,0.42200000000000004,7,25,0.28,15,18,0.833,20,23,43,19,6,3,16,15,-20.0,16.0,22.0
22016,1610612743,DEN,Denver Nuggets,21600386,2016-12-15,DEN vs. POR,W,240,132,43,84,0.512,15,31,0.484,31,35,0.8859999999999999,5,31,36,27,10,4,15,28,12.0,17.0,22.0
22016,1610612743,DEN,Denver Nuggets,21600404,2016-12-17,DEN vs. NYK,W,241,127,50,90,0.556,10,27,0.37,17,29,0.586,11,30,41,26,6,7,10,27,13.0,18.0,22.0
22016,1610612743,DEN,Denver Nuggets,21600417,2016-12-19,DEN vs. DAL,W,240,117,45,80,0.563,13,25,0.52,14,18,0.778,7,34,41,32,7,0,11,13,10.0,19.0,22.0
22016,1610612743,DEN,Denver Nuggets,21600426,2016-12-20,DEN @ LAC,L,240,102,39,90,0.433,11,39,0.282,13,20,0.65,15,31,46,22,5,1,12,15,-17.0,19.0,23.0
22016,1610612743,DEN,Denver Nuggets,21600451,2016-12-23,DEN vs. ATL,L,241,108,37,78,0.474,8,25,0.32,26,35,0.743,7,39,46,27,3,7,15,29,-1.0,19.0,24.0
22016,1610612743,DEN,Denver Nuggets,21600470,2016-12-26,DEN @ LAC,W,240,106,36,82,0.439,11,31,0.355,23,28,0.821,11,40,51,22,10,1,14,18,4.0,20.0,24.0
22016,1610612743,DEN,Denver Nuggets,21600483,2016-12-28,DEN vs. MIN,W,240,105,42,81,0.519,10,28,0.35700000000000004,11,14,0.7859999999999999,8,30,38,29,6,4,15,17,2.0,21.0,24.0
22016,1610612743,DEN,Denver Nuggets,21600500,2016-12-30,DEN vs. PHI,L,240,122,39,84,0.46399999999999997,11,27,0.40700000000000003,33,41,0.805,11,34,45,29,5,1,10,26,-2.0,21.0,25.0
22016,1610612743,DEN,Denver Nuggets,21600520,2017-01-02,DEN @ GSW,L,240,119,48,101,0.475,9,35,0.257,14,18,0.778,16,32,48,33,10,2,14,21,-8.0,21.0,26.0
22016,1610612743,DEN,Denver Nuggets,21600526,2017-01-03,DEN vs. SAC,L,238,113,41,82,0.5,18,38,0.474,13,13,1.0,4,28,32,29,6,4,14,18,-7.0,21.0,27.0
22016,1610612743,DEN,Denver Nuggets,21600543,2017-01-05,DEN vs. SAS,L,239,99,39,86,0.45299999999999996,7,25,0.28,14,17,0.8240000000000001,11,27,38,25,7,3,13,17,-28.0,21.0,28.0
22016,1610612743,DEN,Denver Nuggets,21600555,2017-01-07,DEN @ OKC,L,240,106,40,99,0.40399999999999997,9,24,0.375,17,24,0.708,15,38,53,18,7,4,12,23,-15.0,21.0,29.0
22016,1610612743,DEN,Denver Nuggets,21600589,2017-01-12,DEN vs. IND,W,240,140,52,90,0.578,15,32,0.469,21,23,0.9129999999999999,12,35,47,37,10,5,15,16,28.0,22.0,29.0
22016,1610612743,DEN,Denver Nuggets,21600617,2017-01-16,DEN vs. ORL,W,240,125,52,89,0.584,9,27,0.33299999999999996,12,15,0.8,9,30,39,33,11,3,14,17,13.0,23.0,29.0
22016,1610612743,DEN,Denver Nuggets,21600626,2017-01-17,DEN @ LAL,W,240,127,50,88,0.568,11,26,0.423,16,26,0.615,13,32,45,29,5,9,17,17,6.0,24.0,29.0
22016,1610612743,DEN,Denver Nuggets,21600639,2017-01-19,DEN @ SAS,L,241,104,37,91,0.40700000000000003,10,31,0.32299999999999995,20,26,0.769,11,32,43,27,5,7,15,19,-14.0,24.0,30.0
22016,1610612743,DEN,Denver Nuggets,21600658,2017-01-21,DEN vs. LAC,W,240,123,46,87,0.529,10,24,0.41700000000000004,21,26,0.8079999999999999,10,35,45,30,4,0,10,16,25.0,25.0,30.0
22016,1610612743,DEN,Denver Nuggets,21600664,2017-01-22,DEN @ MIN,L,240,108,42,82,0.512,7,24,0.292,17,21,0.81,12,29,41,26,6,7,17,19,-3.0,25.0,31.0
22016,1610612743,DEN,Denver Nuggets,21600678,2017-01-24,DEN vs. UTA,W,241,103,35,76,0.461,10,26,0.385,23,31,0.742,7,36,43,28,7,6,14,15,10.0,26.0,31.0
22016,1610612743,DEN,Denver Nuggets,21600692,2017-01-26,DEN vs. PHX,W,239,127,44,86,0.512,9,23,0.391,30,35,0.857,19,27,46,29,5,6,12,15,7.0,27.0,31.0
22016,1610612743,DEN,Denver Nuggets,21600709,2017-01-28,DEN @ PHX,W,238,123,39,80,0.488,8,25,0.32,37,42,0.8809999999999999,9,39,48,17,7,3,14,25,11.0,28.0,31.0
22016,1610612743,DEN,Denver Nuggets,21600729,2017-01-31,DEN @ LAL,L,240,116,41,99,0.414,15,27,0.556,19,23,0.826,20,31,51,26,12,5,11,18,-4.0,28.0,32.0
22016,1610612743,DEN,Denver Nuggets,21600737,2017-02-01,DEN vs. MEM,L,241,99,32,80,0.4,9,25,0.36,26,35,0.743,11,34,45,25,7,2,17,17,-20.0,28.0,33.0
22016,1610612743,DEN,Denver Nuggets,21600752,2017-02-03,DEN vs. MIL,W,239,121,40,89,0.449,9,28,0.321,32,44,0.727,18,30,48,31,8,5,14,13,4.0,29.0,33.0
22016,1610612743,DEN,Denver Nuggets,21600762,2017-02-04,DEN @ SAS,L,240,97,41,92,0.446,10,26,0.385,5,10,0.5,16,26,42,22,7,1,21,19,-24.0,29.0,34.0
22016,1610612743,DEN,Denver Nuggets,21600776,2017-02-06,DEN vs. DAL,W,241,110,42,84,0.5,11,28,0.39299999999999996,15,16,0.938,10,39,49,28,7,10,15,19,23.0,30.0,34.0
22016,1610612743,DEN,Denver Nuggets,21600785,2017-02-08,DEN @ ATL,L,240,106,40,100,0.4,13,44,0.295,13,21,0.619,21,28,49,25,8,4,10,20,-11.0,30.0,35.0
22016,1610612743,DEN,Denver Nuggets,21600800,2017-02-10,DEN @ NYK,W,241,131,54,95,0.568,16,32,0.5,7,10,0.7,16,28,44,30,6,5,15,11,8.0,31.0,35.0
22016,1610612743,DEN,Denver Nuggets,21600811,2017-02-11,DEN @ CLE,L,241,109,39,97,0.402,12,37,0.324,19,22,0.8640000000000001,17,28,45,23,8,4,12,22,-16.0,31.0,36.0
22016,1610612743,DEN,Denver Nuggets,21600827,2017-02-13,DEN vs. GSW,W,239,132,48,88,0.545,24,41,0.585,12,16,0.75,14,38,52,34,6,1,22,14,22.0,32.0,36.0
22016,1610612743,DEN,Denver Nuggets,21600842,2017-02-15,DEN vs. MIN,L,240,99,38,94,0.40399999999999997,11,34,0.324,12,18,0.667,14,35,49,25,4,5,14,19,-13.0,32.0,37.0
22016,1610612743,DEN,Denver Nuggets,21600855,2017-02-23,DEN @ SAC,L,240,100,39,88,0.44299999999999995,12,35,0.34299999999999997,10,14,0.7140000000000001,10,33,43,23,10,2,16,18,-16.0,32.0,38.0
22016,1610612743,DEN,Denver Nuggets,21600864,2017-02-24,DEN vs. BKN,W,242,129,49,97,0.505,14,31,0.452,17,24,0.708,11,40,51,32,11,2,13,24,20.0,33.0,38.0
22016,1610612743,DEN,Denver Nuggets,21600876,2017-02-26,DEN vs. MEM,L,240,98,37,84,0.44,11,34,0.324,13,17,0.765,10,29,39,26,9,3,12,23,-7.0,33.0,39.0
22016,1610612743,DEN,Denver Nuggets,21600891,2017-02-28,DEN @ CHI,W,241,125,45,80,0.563,13,30,0.433,22,24,0.917,6,39,45,26,6,2,16,16,18.0,34.0,39.0
22016,1610612743,DEN,Denver Nuggets,21600899,2017-03-01,DEN @ MIL,W,240,110,41,84,0.488,10,33,0.303,18,20,0.9,14,31,45,21,8,2,14,15,12.0,35.0,39.0
22016,1610612743,DEN,Denver Nuggets,21600923,2017-03-04,DEN vs. CHA,L,240,102,36,80,0.45,9,30,0.3,21,25,0.84,11,34,45,21,5,3,13,20,-10.0,35.0,40.0
22016,1610612743,DEN,Denver Nuggets,21600943,2017-03-06,DEN vs. SAC,W,240,108,37,74,0.5,13,30,0.433,21,28,0.75,7,33,40,28,11,2,17,18,12.0,36.0,40.0
22016,1610612743,DEN,Denver Nuggets,21600958,2017-03-08,DEN vs. WAS,L,241,113,46,87,0.529,13,28,0.46399999999999997,8,17,0.47100000000000003,10,29,39,31,6,2,16,16,-10.0,36.0,41.0
22016,1610612743,DEN,Denver Nuggets,21600970,2017-03-10,DEN vs. BOS,W,241,119,45,85,0.529,12,31,0.387,17,22,0.773,11,39,50,24,11,4,18,18,20.0,37.0,41.0
22016,1610612743,DEN,Denver Nuggets,21600984,2017-03-11,DEN @ SAC,W,240,105,40,85,0.47100000000000003,9,34,0.265,16,18,0.889,9,35,44,21,8,8,9,16,13.0,38.0,41.0
22016,1610612743,DEN,Denver Nuggets,21600998,2017-03-13,DEN vs. LAL,W,241,129,45,84,0.536,17,38,0.447,22,25,0.88,6,36,42,36,9,7,15,18,28.0,39.0,41.0
22016,1610612743,DEN,Denver Nuggets,21601018,2017-03-16,DEN vs. LAC,W,240,129,46,86,0.535,15,28,0.536,22,26,0.846,11,37,48,31,7,2,10,14,15.0,40.0,41.0
22016,1610612743,DEN,Denver Nuggets,21601034,2017-03-18,DEN vs. HOU,L,239,105,38,89,0.4270000000000001,10,31,0.32299999999999995,19,30,0.633,13,32,45,28,9,3,13,24,-4.0,40.0,42.0
22016,1610612743,DEN,Denver Nuggets,21601048,2017-03-20,DEN @ HOU,L,240,124,44,86,0.512,12,29,0.414,24,26,0.9229999999999999,8,40,48,26,7,3,19,18,-1.0,40.0,43.0
22016,1610612743,DEN,Denver Nuggets,21601064,2017-03-22,DEN vs. CLE,W,241,126,51,96,0.531,11,26,0.423,13,13,1.0,10,34,44,35,7,0,6,16,13.0,41.0,43.0
22016,1610612743,DEN,Denver Nuggets,21601075,2017-03-24,DEN @ IND,W,240,125,39,82,0.47600000000000003,7,27,0.259,40,43,0.93,11,34,45,23,8,4,13,15,8.0,42.0,43.0
22016,1610612743,DEN,Denver Nuggets,21601095,2017-03-26,DEN vs. NOP,L,239,90,36,95,0.379,6,25,0.24,12,14,0.857,7,41,48,21,3,1,9,13,-25.0,42.0,44.0
22016,1610612743,DEN,Denver Nuggets,21601109,2017-03-28,DEN @ POR,L,240,113,44,94,0.46799999999999997,9,30,0.3,16,20,0.8,12,35,47,23,3,6,12,24,-9.0,42.0,45.0
22016,1610612743,DEN,Denver Nuggets,21601127,2017-03-31,DEN @ CHA,L,240,114,45,90,0.5,16,33,0.485,8,11,0.727,10,39,49,32,4,1,13,19,-8.0,42.0,46.0
22016,1610612743,DEN,Denver Nuggets,21601149,2017-04-02,DEN @ MIA,W,241,116,44,87,0.506,5,20,0.25,23,27,0.852,6,34,40,25,9,6,8,14,3.0,43.0,46.0
22016,1610612743,DEN,Denver Nuggets,21601158,2017-04-04,DEN @ NOP,W,241,134,53,99,0.535,13,30,0.433,15,21,0.7140000000000001,15,35,50,31,3,2,10,20,3.0,44.0,46.0
22016,1610612743,DEN,Denver Nuggets,21601168,2017-04-05,DEN @ HOU,L,240,104,41,104,0.39399999999999996,7,38,0.184,15,18,0.833,12,39,51,26,10,5,12,24,-6.0,44.0,47.0
22016,1610612743,DEN,Denver Nuggets,21601184,2017-04-07,DEN vs. NOP,W,241,122,43,78,0.551,13,32,0.406,23,32,0.7190000000000001,11,39,50,31,9,4,21,15,16.0,45.0,47.0
22016,1610612743,DEN,Denver Nuggets,21601198,2017-04-09,DEN vs. OKC,L,239,105,40,84,0.47600000000000003,11,34,0.324,14,15,0.9329999999999999,4,38,42,22,6,4,12,16,-1.0,45.0,48.0
22016,1610612743,DEN,Denver Nuggets,21601214,2017-04-11,DEN @ DAL,W,242,109,41,84,0.488,18,42,0.429,9,14,0.643,10,43,53,31,7,1,16,14,18.0,46.0,48.0
22016,1610612743,DEN,Denver Nuggets,21601225,2017-04-12,DEN @ OKC,W,240,111,39,85,0.45899999999999996,7,25,0.28,26,32,0.813,5,38,43,22,6,8,15,17,6.0,47.0,48.0
22017,1610612743,DEN,Denver Nuggets,1521700005,2017-07-07,DEN vs. HOU,L,200,99,35,81,0.4320000000000001,12,35,0.34299999999999997,17,23,0.7390000000000001,10,26,36,14,9,2,21,25,-3.0,0.0,1.0
22017,1610612743,DEN,Denver Nuggets,1521700018,2017-07-09,DEN vs. MIN,L,200,71,27,65,0.415,8,24,0.33299999999999996,9,14,0.643,3,24,27,14,8,7,23,13,-19.0,0.0,2.0
22017,1610612743,DEN,Denver Nuggets,1521700027,2017-07-10,DEN @ TOR,L,199,81,30,70,0.429,11,29,0.379,10,15,0.667,7,26,33,20,9,5,13,20,-1.0,0.0,3.0
22017,1610612743,DEN,Denver Nuggets,1521700038,2017-07-12,DEN @ HOU,W,200,87,32,73,0.43799999999999994,3,20,0.15,20,26,0.769,16,31,47,13,8,6,19,26,6.0,1.0,3.0
22017,1610612743,DEN,Denver Nuggets,1521700046,2017-07-13,DEN @ BKN,L,201,74,26,81,0.321,8,25,0.32,14,19,0.737,8,30,38,11,12,1,10,21,-11.0,1.0,4.0
22017,1610612743,DEN,Denver Nuggets,1521700057,2017-07-14,DEN vs. NOP,W,200,96,39,77,0.506,7,21,0.33299999999999996,11,15,0.733,10,27,37,16,7,5,10,14,5.0,2.0,4.0
12017,1610612743,DEN,Denver Nuggets,11700001,2017-09-30,DEN @ GSW,W,240,108,36,81,0.444,13,28,0.46399999999999997,23,34,0.6759999999999999,9,40,49,23,6,0,18,24,6.0,3.0,4.0
12017,1610612743,DEN,Denver Nuggets,11700011,2017-10-02,DEN @ LAL,W,240,113,39,86,0.45299999999999996,15,29,0.517,20,28,0.7140000000000001,7,30,37,23,10,3,19,24,6.0,4.0,4.0
12017,1610612743,DEN,Denver Nuggets,11700022,2017-10-04,DEN @ LAL,W,240,122,48,90,0.5329999999999999,14,30,0.467,12,17,0.706,11,35,46,34,8,3,20,23,18.0,5.0,4.0
12017,1610612743,DEN,Denver Nuggets,11700041,2017-10-08,DEN @ SAS,L,239,100,36,89,0.40399999999999997,8,27,0.29600000000000004,20,26,0.769,10,26,36,25,11,4,13,18,-22.0,5.0,5.0
12017,1610612743,DEN,Denver Nuggets,11700056,2017-10-10,DEN vs. OKC,L,239,86,29,85,0.341,11,33,0.33299999999999996,17,26,0.654,11,35,46,20,9,9,16,14,-10.0,5.0,6.0
22017,1610612743,DEN,Denver Nuggets,21700010,2017-10-18,DEN @ UTA,L,242,96,36,77,0.46799999999999997,13,27,0.48100000000000004,11,12,0.917,7,31,38,21,4,3,20,18,-10.0,5.0,7.0
22017,1610612743,DEN,Denver Nuggets,21700035,2017-10-21,DEN vs. SAC,W,240,96,37,85,0.435,10,30,0.33299999999999996,12,20,0.6,18,40,58,25,7,2,16,19,17.0,6.0,7.0
22017,1610612743,DEN,Denver Nuggets,21700047,2017-10-23,DEN vs. WAS,L,241,104,39,80,0.488,8,23,0.348,18,23,0.7829999999999999,9,35,44,27,5,2,23,22,-5.0,6.0,8.0
22017,1610612743,DEN,Denver Nuggets,21700055,2017-10-25,DEN @ CHA,L,240,93,38,100,0.38,8,31,0.258,9,15,0.6,18,33,51,18,6,1,13,23,-17.0,6.0,9.0
22017,1610612743,DEN,Denver Nuggets,21700072,2017-10-27,DEN @ ATL,W,240,105,42,91,0.462,4,20,0.2,17,23,0.7390000000000001,11,35,46,25,8,4,11,12,3.0,7.0,9.0
22017,1610612743,DEN,Denver Nuggets,21700087,2017-10-29,DEN @ BKN,W,240,124,47,94,0.5,11,20,0.55,19,22,0.8640000000000001,4,42,46,23,7,7,6,22,13.0,8.0,9.0
22017,1610612743,DEN,Denver Nuggets,21700094,2017-10-30,DEN @ NYK,L,239,110,35,85,0.41200000000000003,18,41,0.439,22,31,0.71,13,23,36,20,13,5,13,22,-6.0,8.0,10.0
22017,1610612743,DEN,Denver Nuggets,21700114,2017-11-01,DEN vs. TOR,W,239,129,47,88,0.534,16,32,0.5,19,29,0.655,9,34,43,35,9,4,12,20,18.0,9.0,10.0
22017,1610612743,DEN,Denver Nuggets,21700127,2017-11-03,DEN vs. MIA,W,240,95,36,80,0.45,9,23,0.391,14,25,0.56,13,28,41,17,9,6,17,16,1.0,10.0,10.0
22017,1610612743,DEN,Denver Nuggets,21700135,2017-11-04,DEN vs. GSW,L,241,108,40,87,0.46,6,24,0.25,22,27,0.815,9,37,46,26,9,6,17,18,-19.0,10.0,11.0
22017,1610612743,DEN,Denver Nuggets,21700155,2017-11-07,DEN vs. BKN,W,240,112,44,93,0.473,9,34,0.265,15,20,0.75,9,38,47,26,16,9,19,21,8.0,11.0,11.0
22017,1610612743,DEN,Denver Nuggets,21700168,2017-11-09,DEN vs. OKC,W,241,102,38,82,0.46299999999999997,9,27,0.33299999999999996,17,22,0.773,14,31,45,27,7,7,18,15,8.0,12.0,11.0
22017,1610612743,DEN,Denver Nuggets,21700185,2017-11-11,DEN vs. ORL,W,241,125,46,87,0.529,12,29,0.414,21,27,0.778,13,37,50,29,9,4,12,16,18.0,13.0,11.0
22017,1610612743,DEN,Denver Nuggets,21700198,2017-11-13,DEN @ POR,L,239,82,30,84,0.35700000000000004,9,32,0.281,13,15,0.867,12,23,35,13,9,2,20,16,-17.0,13.0,12.0
22017,1610612743,DEN,Denver Nuggets,21700226,2017-11-17,DEN vs. NOP,W,242,146,56,89,0.629,18,35,0.514,16,21,0.762,13,35,48,37,5,4,14,15,32.0,14.0,12.0
22017,1610612743,DEN,Denver Nuggets,21700240,2017-11-19,DEN @ LAL,L,240,109,36,84,0.429,13,31,0.419,24,35,0.6859999999999999,17,30,47,18,8,8,20,15,-18.0,14.0,13.0
22017,1610612743,DEN,Denver Nuggets,21700251,2017-11-20,DEN @ SAC,W,241,114,42,86,0.488,15,32,0.469,15,20,0.75,14,35,49,18,6,3,13,13,16.0,15.0,13.0
22017,1610612743,DEN,Denver Nuggets,21700259,2017-11-22,DEN @ HOU,L,240,95,35,87,0.402,10,33,0.303,15,23,0.652,15,28,43,19,11,5,19,14,-30.0,15.0,14.0
22017,1610612743,DEN,Denver Nuggets,21700274,2017-11-24,DEN vs. MEM,W,240,104,40,79,0.506,9,32,0.281,15,26,0.5770000000000001,15,35,50,24,9,4,20,18,12.0,16.0,14.0
22017,1610612743,DEN,Denver Nuggets,21700301,2017-11-28,DEN @ UTA,L,240,77,28,78,0.359,7,34,0.20600000000000002,14,16,0.875,12,30,42,13,6,4,17,13,-29.0,16.0,15.0
22017,1610612743,DEN,Denver Nuggets,21700315,2017-11-30,DEN vs. CHI,W,238,111,38,83,0.45799999999999996,12,31,0.387,23,31,0.742,11,33,44,22,7,4,12,19,1.0,17.0,15.0
22017,1610612743,DEN,Denver Nuggets,21700332,2017-12-02,DEN vs. LAL,W,240,115,40,87,0.46,12,31,0.387,23,28,0.821,9,30,39,26,8,6,12,19,15.0,18.0,15.0
22017,1610612743,DEN,Denver Nuggets,21700347,2017-12-04,DEN @ DAL,L,240,105,38,91,0.418,14,36,0.389,15,23,0.652,15,34,49,25,5,5,7,19,-17.0,18.0,16.0
22017,1610612743,DEN,Denver Nuggets,21700360,2017-12-06,DEN @ NOP,L,240,114,41,94,0.436,16,35,0.457,16,22,0.727,10,30,40,22,7,4,9,21,-9.0,18.0,17.0
22017,1610612743,DEN,Denver Nuggets,21700370,2017-12-08,DEN @ ORL,W,240,103,42,85,0.494,6,21,0.28600000000000003,13,16,0.813,6,38,44,21,7,7,12,20,14.0,19.0,17.0
22017,1610612743,DEN,Denver Nuggets,21700387,2017-12-10,DEN @ IND,L,264,116,43,95,0.45299999999999996,17,42,0.405,13,16,0.813,19,28,47,24,7,5,21,20,-10.0,19.0,18.0
22017,1610612743,DEN,Denver Nuggets,21700398,2017-12-12,DEN @ DET,W,240,103,40,79,0.506,10,30,0.33299999999999996,13,14,0.929,6,38,44,27,8,3,17,15,19.0,20.0,18.0
22017,1610612743,DEN,Denver Nuggets,21700407,2017-12-13,DEN @ BOS,L,240,118,45,91,0.495,9,28,0.321,19,26,0.731,20,28,48,22,8,4,15,20,-8.0,20.0,19.0
22017,1610612743,DEN,Denver Nuggets,21700427,2017-12-15,DEN vs. NOP,W,266,117,46,100,0.46,16,36,0.444,9,14,0.643,11,37,48,30,12,4,15,17,6.0,21.0,19.0
22017,1610612743,DEN,Denver Nuggets,21700447,2017-12-18,DEN @ OKC,L,241,94,37,86,0.43,12,37,0.324,8,12,0.667,8,37,45,21,8,3,11,18,-1.0,21.0,20.0
22017,1610612743,DEN,Denver Nuggets,21700462,2017-12-20,DEN vs. MIN,L,240,104,36,72,0.5,13,28,0.46399999999999997,19,24,0.792,8,34,42,27,6,5,21,18,-8.0,21.0,21.0
22017,1610612743,DEN,Denver Nuggets,21700478,2017-12-22,DEN @ POR,W,241,102,42,85,0.494,7,25,0.28,11,15,0.733,16,33,49,19,4,10,14,13,17.0,22.0,21.0
22017,1610612743,DEN,Denver Nuggets,21700489,2017-12-23,DEN @ GSW,W,240,96,38,82,0.46299999999999997,7,28,0.25,13,15,0.867,10,35,45,25,10,4,18,14,15.0,23.0,21.0
22017,1610612743,DEN,Denver Nuggets,21700503,2017-12-26,DEN vs. UTA,W,242,107,39,81,0.48100000000000004,11,30,0.3670000000000001,18,22,0.818,10,43,53,23,3,1,9,21,24.0,24.0,21.0
22017,1610612743,DEN,Denver Nuggets,21700510,2017-12-27,DEN @ MIN,L,264,125,42,91,0.462,15,39,0.385,26,31,0.8390000000000001,11,37,48,26,3,2,9,24,-3.0,24.0,22.0
22017,1610612743,DEN,Denver Nuggets,21700536,2017-12-30,DEN vs. PHI,L,240,102,35,87,0.402,7,32,0.21899999999999997,25,34,0.735,10,38,48,18,10,9,13,12,-5.0,24.0,23.0
22017,1610612743,DEN,Denver Nuggets,21700563,2018-01-03,DEN vs. PHX,W,240,134,51,82,0.622,12,27,0.444,20,22,0.909,8,40,48,35,8,9,20,16,23.0,25.0,23.0
22017,1610612743,DEN,Denver Nuggets,21700574,2018-01-05,DEN vs. UTA,W,240,99,38,86,0.442,14,35,0.4,9,15,0.6,4,33,37,24,9,1,10,11,8.0,26.0,23.0
22017,1610612743,DEN,Denver Nuggets,21700585,2018-01-06,DEN @ SAC,L,239,98,35,76,0.461,13,34,0.382,15,21,0.7140000000000001,8,38,46,20,2,6,25,17,-8.0,26.0,24.0
22017,1610612743,DEN,Denver Nuggets,21700597,2018-01-08,DEN @ GSW,L,239,114,47,95,0.495,8,19,0.42100000000000004,12,16,0.75,13,26,39,30,8,3,11,16,-10.0,26.0,25.0
22017,1610612743,DEN,Denver Nuggets,21700612,2018-01-10,DEN vs. ATL,L,240,97,38,95,0.4,9,37,0.243,12,20,0.6,14,26,40,27,13,6,12,18,-13.2,26.0,26.0
22017,1610612743,DEN,Denver Nuggets,21700625,2018-01-12,DEN vs. MEM,W,240,87,27,70,0.386,7,22,0.318,26,32,0.813,12,35,47,15,8,3,14,18,9.0,27.0,26.0
22017,1610612743,DEN,Denver Nuggets,21700633,2018-01-13,DEN @ SAS,L,237,80,29,83,0.349,7,28,0.25,15,17,0.882,11,30,41,18,9,4,15,16,-32.0,27.0,27.0
22017,1610612743,DEN,Denver Nuggets,21700651,2018-01-16,DEN vs. DAL,W,238,105,40,86,0.465,8,26,0.308,17,26,0.654,15,32,47,23,10,3,18,23,3.0,28.0,27.0
22017,1610612743,DEN,Denver Nuggets,21700662,2018-01-17,DEN @ LAC,L,241,104,42,97,0.433,5,25,0.2,15,18,0.833,20,34,54,23,13,7,19,25,-5.0,28.0,28.0
22017,1610612743,DEN,Denver Nuggets,21700671,2018-01-19,DEN vs. PHX,L,240,100,35,78,0.449,14,36,0.389,16,21,0.762,7,35,42,23,7,5,16,20,-8.0,28.0,29.0
22017,1610612743,DEN,Denver Nuggets,21700694,2018-01-22,DEN vs. POR,W,241,104,34,83,0.41,10,30,0.33299999999999996,26,33,0.7879999999999999,14,35,49,23,7,8,15,20,7.0,29.0,29.0
22017,1610612743,DEN,Denver Nuggets,21700712,2018-01-25,DEN vs. NYK,W,239,130,48,80,0.6,14,28,0.5,20,24,0.833,2,30,32,36,3,2,13,20,12.0,30.0,29.0
22017,1610612743,DEN,Denver Nuggets,21700730,2018-01-27,DEN vs. DAL,W,240,91,34,81,0.42,12,33,0.364,11,15,0.733,9,44,53,23,6,8,14,21,2.0,31.0,29.0
22017,1610612743,DEN,Denver Nuggets,21700743,2018-01-29,DEN vs. BOS,L,240,110,42,93,0.452,10,33,0.303,16,21,0.762,15,32,47,31,4,3,10,14,-1.0,31.0,30.0
22017,1610612743,DEN,Denver Nuggets,21700750,2018-01-30,DEN @ SAS,L,241,104,40,86,0.465,10,23,0.435,14,14,1.0,10,28,38,22,11,6,13,14,-2.0,31.0,31.0
22017,1610612743,DEN,Denver Nuggets,21700765,2018-02-01,DEN vs. OKC,W,241,127,50,97,0.515,15,38,0.395,12,17,0.706,9,34,43,32,3,10,11,17,3.0,32.0,31.0
22017,1610612743,DEN,Denver Nuggets,21700782,2018-02-03,DEN vs. GSW,W,240,115,39,91,0.429,12,29,0.414,25,29,0.862,16,32,48,28,7,0,15,17,7.0,33.0,31.0
22017,1610612743,DEN,Denver Nuggets,21700794,2018-02-05,DEN vs. CHA,W,240,121,46,81,0.568,18,34,0.529,11,13,0.846,5,36,41,30,10,2,11,15,17.0,34.0,31.0
22017,1610612743,DEN,Denver Nuggets,21700823,2018-02-09,DEN @ HOU,L,240,104,42,88,0.47700000000000004,3,28,0.107,17,21,0.81,7,32,39,25,7,2,10,20,-26.0,34.0,32.0
22017,1610612743,DEN,Denver Nuggets,21700832,2018-02-10,DEN @ PHX,W,239,123,45,88,0.511,13,29,0.44799999999999995,20,22,0.909,6,31,37,20,10,5,13,23,10.0,35.0,32.0
22017,1610612743,DEN,Denver Nuggets,21700852,2018-02-13,DEN vs. SAS,W,240,117,46,93,0.495,10,32,0.313,15,18,0.833,11,24,35,29,10,3,11,18,8.0,36.0,32.0
22017,1610612743,DEN,Denver Nuggets,21700865,2018-02-15,DEN @ MIL,W,240,134,47,85,0.5529999999999999,24,40,0.6,16,20,0.8,8,26,34,37,9,6,18,23,11.0,37.0,32.0
22017,1610612743,DEN,Denver Nuggets,21700880,2018-02-23,DEN vs. SAS,W,240,122,48,97,0.495,12,32,0.375,14,19,0.737,18,34,52,33,5,3,11,27,3.0,38.0,32.0
22017,1610612743,DEN,Denver Nuggets,21700896,2018-02-25,DEN vs. HOU,L,240,114,44,91,0.484,10,29,0.345,16,24,0.667,12,24,36,33,13,6,13,27,-5.0,38.0,33.0
22017,1610612743,DEN,Denver Nuggets,21700912,2018-02-27,DEN vs. LAC,L,239,120,43,87,0.494,10,31,0.32299999999999995,24,30,0.8,11,30,41,27,11,7,20,27,-2.0,38.0,34.0
22017,1610612743,DEN,Denver Nuggets,21700931,2018-03-02,DEN @ MEM,W,241,108,40,73,0.5479999999999999,6,22,0.273,22,26,0.846,6,31,37,18,17,3,22,22,6.0,39.0,34.0
22017,1610612743,DEN,Denver Nuggets,21700937,2018-03-03,DEN @ CLE,W,239,126,47,86,0.547,19,35,0.5429999999999999,13,15,0.867,6,29,35,35,4,3,9,19,9.0,40.0,34.0
22017,1610612743,DEN,Denver Nuggets,21700961,2018-03-06,DEN @ DAL,L,240,107,38,92,0.413,11,36,0.306,20,26,0.769,11,38,49,23,5,8,14,16,-11.0,40.0,35.0
22017,1610612743,DEN,Denver Nuggets,21700970,2018-03-07,DEN vs. CLE,L,239,108,42,86,0.488,10,27,0.37,14,18,0.778,14,37,51,22,7,2,21,16,-5.0,40.0,36.0
22017,1610612743,DEN,Denver Nuggets,21700983,2018-03-09,DEN vs. LAL,W,240,125,42,83,0.506,15,31,0.484,26,30,0.867,7,29,36,30,10,6,12,16,9.0,41.0,36.0
22017,1610612743,DEN,Denver Nuggets,21700996,2018-03-11,DEN vs. SAC,W,240,130,50,89,0.562,15,37,0.405,15,21,0.7140000000000001,8,43,51,38,2,4,7,17,26.0,42.0,36.0
22017,1610612743,DEN,Denver Nuggets,21701015,2018-03-13,DEN @ LAL,L,239,103,38,86,0.442,13,40,0.325,14,19,0.737,5,39,44,26,12,4,19,26,-9.0,42.0,37.0
22017,1610612743,DEN,Denver Nuggets,21701026,2018-03-15,DEN vs. DET,W,240,120,43,85,0.506,12,28,0.429,22,28,0.7859999999999999,10,35,45,26,7,8,15,15,7.0,43.0,37.0
22017,1610612743,DEN,Denver Nuggets,21701040,2018-03-17,DEN @ MEM,L,240,94,32,87,0.368,9,33,0.273,21,29,0.7240000000000001,18,31,49,17,10,5,7,25,-7.0,43.0,38.0
22017,1610612743,DEN,Denver Nuggets,21701054,2018-03-19,DEN @ MIA,L,290,141,46,100,0.46,18,38,0.474,31,37,0.838,11,35,46,23,10,5,13,25,-8.0,43.0,39.0
22017,1610612743,DEN,Denver Nuggets,21701069,2018-03-21,DEN @ CHI,W,240,135,51,83,0.614,20,35,0.5710000000000001,13,16,0.813,8,37,45,34,9,6,17,13,33.0,44.0,39.0
22017,1610612743,DEN,Denver Nuggets,21701079,2018-03-23,DEN @ WAS,W,239,108,37,85,0.435,17,34,0.5,17,18,0.9440000000000001,7,31,38,25,5,10,10,16,8.0,45.0,39.0
22017,1610612743,DEN,Denver Nuggets,21701105,2018-03-26,DEN @ PHI,L,241,104,36,84,0.429,11,32,0.344,21,34,0.618,9,28,37,27,10,7,15,21,-19.0,45.0,40.0
22017,1610612743,DEN,Denver Nuggets,21701109,2018-03-27,DEN @ TOR,L,240,110,42,89,0.47200000000000003,13,30,0.433,13,14,0.929,10,30,40,26,6,6,11,16,-4.0,45.0,41.0
22017,1610612743,DEN,Denver Nuggets,21701133,2018-03-30,DEN @ OKC,W,265,126,49,94,0.521,10,30,0.33299999999999996,18,21,0.857,12,46,58,27,4,5,15,24,1.0,46.0,41.0
22017,1610612743,DEN,Denver Nuggets,21701152,2018-04-01,DEN vs. MIL,W,265,128,40,90,0.444,11,36,0.306,37,46,0.804,17,40,57,27,2,8,17,23,3.0,47.0,41.0
22017,1610612743,DEN,Denver Nuggets,21701165,2018-04-03,DEN vs. IND,W,240,107,41,89,0.461,10,32,0.313,15,20,0.75,13,36,49,31,10,8,16,19,3.0,48.0,41.0
22017,1610612743,DEN,Denver Nuggets,21701180,2018-04-05,DEN vs. MIN,W,240,100,35,89,0.39299999999999996,11,36,0.306,19,22,0.8640000000000001,13,34,47,21,3,7,10,17,4.0,49.0,41.0
22017,1610612743,DEN,Denver Nuggets,21701191,2018-04-07,DEN @ LAC,W,241,134,53,85,0.624,12,29,0.414,16,23,0.696,7,26,33,36,4,6,7,26,19.0,50.0,41.0
22017,1610612743,DEN,Denver Nuggets,21701211,2018-04-09,DEN vs. POR,W,239,88,31,83,0.373,6,26,0.231,20,26,0.769,10,42,52,22,7,5,12,18,6.0,51.0,41.0
22017,1610612743,DEN,Denver Nuggets,21701225,2018-04-11,DEN @ MIN,L,263,106,41,90,0.456,13,32,0.406,11,18,0.611,10,37,47,19,4,4,12,22,-6.0,51.0,42.0
22018,1610612743,DEN,Denver Nuggets,1521800009,2018-07-06,DEN @ MIN,W,200,70,29,71,0.408,4,21,0.19,8,12,0.667,7,36,43,17,9,4,14,24,14.4,1.0,0.0
22018,1610612743,DEN,Denver Nuggets,1521800019,2018-07-07,DEN vs. BOS,W,202,82,33,75,0.44,5,16,0.313,11,12,0.917,8,31,39,17,9,3,14,18,9.0,2.0,0.0
22018,1610612743,DEN,Denver Nuggets,1521800037,2018-07-09,DEN vs. MIL,W,201,90,33,71,0.465,11,22,0.5,13,17,0.765,7,23,30,22,9,0,11,27,8.8,3.0,0.0
22018,1610612743,DEN,Denver Nuggets,1521800052,2018-07-11,DEN vs. TOR,L,200,77,31,79,0.392,8,28,0.28600000000000003,7,13,0.5379999999999999,14,26,40,16,8,2,10,18,-8.0,3.0,1.0
22018,1610612743,DEN,Denver Nuggets,1521800066,2018-07-13,DEN vs. MIN,L,198,71,30,75,0.4,4,21,0.19,7,12,0.583,14,30,44,20,9,3,20,18,-9.8,3.0,2.0
12018,1610612743,DEN,Denver Nuggets,11800010,2018-09-30,DEN @ LAL,W,241,124,40,87,0.46,13,37,0.35100000000000003,31,35,0.8859999999999999,13,37,50,25,11,5,21,28,17.0,4.0,2.0
12018,1610612743,DEN,Denver Nuggets,11800020,2018-10-02,DEN @ LAL,W,241,113,40,84,0.47600000000000003,12,34,0.353,21,33,0.636,12,28,40,29,13,4,25,25,2.0,5.0,2.0
12018,1610612743,DEN,Denver Nuggets,11800036,2018-10-05,DEN vs. PER,W,241,96,35,73,0.479,9,29,0.31,17,26,0.654,10,34,44,26,8,4,19,27,8.0,6.0,2.0
12018,1610612743,DEN,Denver Nuggets,11800057,2018-10-09,DEN @ LAC,L,240,103,37,90,0.41100000000000003,9,28,0.321,20,27,0.741,9,41,50,24,7,7,12,24,-6.0,6.0,3.0
12018,1610612743,DEN,Denver Nuggets,11800074,2018-10-12,DEN @ CHI,W,240,98,35,83,0.42200000000000004,10,33,0.303,18,27,0.667,9,41,50,23,13,5,16,18,5.0,7.0,3.0
22018,1610612743,DEN,Denver Nuggets,21800012,2018-10-17,DEN @ LAC,W,240,107,33,87,0.379,8,24,0.33299999999999996,33,42,0.7859999999999999,14,42,56,20,6,9,10,22,9.2,8.0,3.0
22018,1610612743,DEN,Denver Nuggets,21800033,2018-10-20,DEN vs. PHX,W,241,119,43,85,0.506,9,28,0.321,24,29,0.828,9,45,54,28,12,6,18,31,28.0,9.0,3.0
22018,1610612743,DEN,Denver Nuggets,21800038,2018-10-21,DEN vs. GSW,W,240,100,35,86,0.40700000000000003,6,32,0.188,24,42,0.5710000000000001,13,34,47,21,11,4,8,22,2.0,10.0,3.0
22018,1610612743,DEN,Denver Nuggets,21800051,2018-10-23,DEN vs. SAC,W,239,126,51,99,0.515,11,30,0.3670000000000001,13,15,0.867,15,34,49,31,11,3,12,22,14.0,11.0,3.0
22018,1610612743,DEN,Denver Nuggets,21800066,2018-10-25,DEN @ LAL,L,239,114,46,92,0.5,6,23,0.261,16,20,0.8,10,34,44,22,8,5,19,22,-7.0,11.0,4.0
22018,1610612743,DEN,Denver Nuggets,21800095,2018-10-29,DEN vs. NOP,W,240,116,42,93,0.452,11,35,0.314,21,23,0.9129999999999999,9,32,41,28,14,5,13,17,5.0,12.0,4.0
22018,1610612743,DEN,Denver Nuggets,21800106,2018-10-31,DEN @ CHI,W,266,108,45,99,0.455,7,26,0.26899999999999996,11,18,0.611,17,39,56,24,7,9,16,16,1.0,13.0,4.0
22018,1610612743,DEN,Denver Nuggets,21800112,2018-11-01,DEN @ CLE,W,241,110,41,85,0.48200000000000004,10,26,0.385,18,21,0.857,14,30,44,22,8,7,12,18,19.0,14.0,4.0
22018,1610612743,DEN,Denver Nuggets,21800131,2018-11-03,DEN vs. UTA,W,240,103,41,83,0.494,9,28,0.321,12,19,0.632,8,40,48,32,8,0,17,26,15.0,15.0,4.0
22018,1610612743,DEN,Denver Nuggets,21800145,2018-11-05,DEN vs. BOS,W,240,115,41,90,0.456,13,34,0.382,20,28,0.7140000000000001,15,32,47,25,5,4,13,14,8.0,16.0,4.0
22018,1610612743,DEN,Denver Nuggets,21800158,2018-11-07,DEN @ MEM,L,240,87,32,82,0.39,8,32,0.25,15,19,0.789,13,28,41,19,9,3,16,22,-2.0,16.0,5.0
22018,1610612743,DEN,Denver Nuggets,21800171,2018-11-09,DEN vs. BKN,L,239,110,40,87,0.46,5,18,0.278,25,34,0.735,15,39,54,20,3,5,12,28,-2.0,16.0,6.0
22018,1610612743,DEN,Denver Nuggets,21800187,2018-11-11,DEN vs. MIL,L,239,114,41,89,0.461,18,38,0.474,14,20,0.7,10,29,39,27,8,5,10,16,-7.0,16.0,7.0
22018,1610612743,DEN,Denver Nuggets,21800200,2018-11-13,DEN vs. HOU,L,240,99,38,76,0.5,11,25,0.44,12,16,0.75,7,24,31,27,11,2,16,20,-10.0,16.0,8.0
22018,1610612743,DEN,Denver Nuggets,21800214,2018-11-15,DEN vs. ATL,W,240,138,53,94,0.564,13,31,0.419,19,25,0.76,11,45,56,34,12,6,15,24,45.0,17.0,8.0
22018,1610612743,DEN,Denver Nuggets,21800228,2018-11-17,DEN @ NOP,L,240,115,46,95,0.484,15,39,0.385,8,13,0.615,10,33,43,30,5,6,13,23,-10.0,17.0,9.0
22018,1610612743,DEN,Denver Nuggets,21800245,2018-11-19,DEN @ MIL,L,240,98,40,94,0.426,12,41,0.293,6,9,0.667,13,30,43,30,6,4,17,20,-6.0,17.0,10.0
22018,1610612743,DEN,Denver Nuggets,21800260,2018-11-21,DEN @ MIN,W,241,103,42,89,0.47200000000000003,14,35,0.4,5,6,0.833,9,31,40,29,12,4,13,22,2.0,18.0,10.0
22018,1610612743,DEN,Denver Nuggets,21800276,2018-11-23,DEN vs. ORL,W,240,112,44,93,0.473,9,28,0.321,15,17,0.882,12,39,51,33,10,5,11,20,25.0,19.0,10.0
22018,1610612743,DEN,Denver Nuggets,21800282,2018-11-24,DEN @ OKC,W,240,105,39,95,0.41100000000000003,10,30,0.33299999999999996,17,24,0.708,15,39,54,26,6,9,14,20,7.0,20.0,10.0
22018,1610612743,DEN,Denver Nuggets,21800304,2018-11-27,DEN vs. LAL,W,241,117,47,97,0.485,9,25,0.36,14,15,0.9329999999999999,16,44,60,28,7,4,11,17,32.0,21.0,10.0
22018,1610612743,DEN,Denver Nuggets,21800329,2018-11-30,DEN @ POR,W,240,113,40,87,0.46,14,30,0.467,19,26,0.731,13,28,41,28,11,3,11,21,1.0,22.0,10.0
22018,1610612743,DEN,Denver Nuggets,21800347,2018-12-03,DEN @ TOR,W,242,106,40,89,0.449,11,28,0.39299999999999996,15,24,0.625,15,34,49,32,9,2,20,14,3.0,23.0,10.0
22018,1610612743,DEN,Denver Nuggets,21800356,2018-12-05,DEN @ ORL,W,266,124,45,82,0.5489999999999999,11,19,0.579,23,37,0.622,4,39,43,34,5,2,10,19,6.0,24.0,10.0
22018,1610612743,DEN,Denver Nuggets,21800368,2018-12-07,DEN @ CHA,L,242,107,39,101,0.386,8,35,0.22899999999999998,21,26,0.8079999999999999,20,35,55,24,6,12,9,28,-6.0,24.0,11.0
22018,1610612743,DEN,Denver Nuggets,21800380,2018-12-08,DEN @ ATL,L,239,98,36,97,0.371,9,36,0.25,17,21,0.81,11,37,48,28,11,4,15,16,-8.0,24.0,12.0
22018,1610612743,DEN,Denver Nuggets,21800398,2018-12-10,DEN vs. MEM,W,238,105,39,77,0.506,9,28,0.321,18,23,0.7829999999999999,11,29,40,22,11,6,13,17,6.0,25.0,12.0
22018,1610612743,DEN,Denver Nuggets,21800426,2018-12-14,DEN vs. OKC,W,241,109,42,83,0.506,11,34,0.324,14,15,0.9329999999999999,12,36,48,29,8,6,20,24,11.0,26.0,12.0
22018,1610612743,DEN,Denver Nuggets,21800442,2018-12-16,DEN vs. TOR,W,240,95,36,85,0.424,10,30,0.33299999999999996,13,16,0.813,10,34,44,21,7,4,8,14,9.0,27.0,12.0
22018,1610612743,DEN,Denver Nuggets,21800454,2018-12-18,DEN vs. DAL,W,239,126,50,90,0.556,12,29,0.414,14,18,0.778,12,35,47,33,7,3,15,28,8.0,28.0,12.0
22018,1610612743,DEN,Denver Nuggets,21800479,2018-12-22,DEN @ LAC,L,240,111,41,97,0.423,9,31,0.29,20,25,0.8,13,24,37,21,10,5,9,16,-21.0,28.0,13.0
22018,1610612743,DEN,Denver Nuggets,21800510,2018-12-26,DEN @ SAS,L,239,103,35,90,0.389,18,40,0.45,15,23,0.652,11,36,47,29,10,3,12,17,-8.0,28.0,14.0
22018,1610612743,DEN,Denver Nuggets,21800524,2018-12-28,DEN vs. SAS,W,240,102,39,85,0.45899999999999996,10,29,0.345,14,17,0.8240000000000001,16,36,52,29,5,4,20,20,3.0,29.0,14.0
22018,1610612743,DEN,Denver Nuggets,21800533,2018-12-29,DEN @ PHX,W,242,122,42,76,0.5529999999999999,18,35,0.514,20,26,0.769,10,30,40,31,10,3,21,20,4.0,30.0,14.0
22018,1610612743,DEN,Denver Nuggets,21800551,2019-01-01,DEN vs. NYK,W,240,115,44,95,0.46299999999999997,12,34,0.353,15,23,0.652,16,37,53,36,7,6,8,19,7.0,31.0,14.0
22018,1610612743,DEN,Denver Nuggets,21800564,2019-01-03,DEN @ SAC,W,240,117,41,89,0.461,14,39,0.359,21,30,0.7,16,38,54,24,3,3,14,20,4.0,32.0,14.0
22018,1610612743,DEN,Denver Nuggets,21800576,2019-01-05,DEN vs. CHA,W,241,123,47,102,0.461,14,39,0.359,15,20,0.75,17,29,46,30,10,6,7,19,13.0,33.0,14.0
22018,1610612743,DEN,Denver Nuggets,21800593,2019-01-07,DEN @ HOU,L,240,113,44,93,0.473,7,29,0.24100000000000002,18,21,0.857,14,32,46,26,7,3,14,21,-12.0,33.0,15.0
22018,1610612743,DEN,Denver Nuggets,21800601,2019-01-08,DEN @ MIA,W,241,103,41,87,0.47100000000000003,9,27,0.33299999999999996,12,17,0.706,15,35,50,32,2,2,16,20,4.0,34.0,15.0
22018,1610612743,DEN,Denver Nuggets,21800618,2019-01-10,DEN vs. LAC,W,239,121,50,99,0.505,11,28,0.39299999999999996,10,13,0.769,15,38,53,29,7,8,9,23,21.0,35.0,15.0
22018,1610612743,DEN,Denver Nuggets,21800635,2019-01-12,DEN @ PHX,L,239,93,34,88,0.386,10,31,0.32299999999999995,15,22,0.682,13,37,50,25,7,6,15,19,-9.0,35.0,16.0
22018,1610612743,DEN,Denver Nuggets,21800643,2019-01-13,DEN vs. POR,W,239,116,45,81,0.556,9,22,0.409,17,20,0.85,4,31,35,21,5,0,11,20,3.0,36.0,16.0
22018,1610612743,DEN,Denver Nuggets,21800655,2019-01-15,DEN vs. GSW,L,238,111,42,92,0.457,14,34,0.41200000000000003,13,16,0.813,9,27,36,30,4,3,8,12,-31.0,36.0,17.0
22018,1610612743,DEN,Denver Nuggets,21800669,2019-01-17,DEN vs. CHI,W,238,135,50,96,0.521,20,40,0.5,15,20,0.75,13,32,45,34,6,2,7,16,30.0,37.0,17.0
22018,1610612743,DEN,Denver Nuggets,21800687,2019-01-19,DEN vs. CLE,W,240,124,50,89,0.562,15,37,0.405,9,11,0.818,12,31,43,33,7,2,11,25,22.0,38.0,17.0
22018,1610612743,DEN,Denver Nuggets,21800715,2019-01-23,DEN @ UTA,L,240,108,42,88,0.47700000000000004,8,27,0.29600000000000004,16,20,0.8,12,38,50,20,7,9,14,25,-7.2,38.0,18.0
22018,1610612743,DEN,Denver Nuggets,21800728,2019-01-25,DEN vs. PHX,W,241,132,47,94,0.5,15,36,0.41700000000000004,23,29,0.7929999999999999,16,41,57,26,9,1,12,20,37.0,39.0,18.0
22018,1610612743,DEN,Denver Nuggets,21800733,2019-01-26,DEN vs. PHI,W,241,126,48,94,0.511,8,24,0.33299999999999996,22,29,0.759,11,40,51,27,4,4,10,21,16.0,40.0,18.0
22018,1610612743,DEN,Denver Nuggets,21800747,2019-01-28,DEN @ MEM,W,240,95,37,84,0.44,8,36,0.222,13,14,0.929,9,28,37,17,10,2,15,18,3.0,41.0,18.0
22018,1610612743,DEN,Denver Nuggets,21800761,2019-01-30,DEN @ NOP,W,240,105,42,89,0.47200000000000003,9,30,0.3,12,19,0.632,6,37,43,31,10,7,9,17,6.0,42.0,18.0
22018,1610612743,DEN,Denver Nuggets,21800774,2019-02-01,DEN vs. HOU,W,239,136,51,82,0.622,14,31,0.452,20,23,0.87,10,26,36,37,7,4,8,14,14.0,43.0,18.0
22018,1610612743,DEN,Denver Nuggets,21800783,2019-02-02,DEN @ MIN,W,241,107,42,89,0.47200000000000003,13,33,0.39399999999999996,10,14,0.7140000000000001,15,33,48,29,3,7,10,16,1.0,44.0,18.0
22018,1610612743,DEN,Denver Nuggets,21800790,2019-02-04,DEN @ DET,L,241,103,41,92,0.446,9,28,0.321,12,22,0.545,10,22,32,28,10,3,13,19,-26.0,44.0,19.0
22018,1610612743,DEN,Denver Nuggets,21800804,2019-02-06,DEN @ BKN,L,240,130,50,99,0.505,13,35,0.371,17,21,0.81,12,36,48,32,7,8,13,26,-5.0,44.0,20.0
22018,1610612743,DEN,Denver Nuggets,21800818,2019-02-08,DEN @ PHI,L,240,110,46,94,0.489,6,26,0.231,12,13,0.9229999999999999,8,32,40,35,5,3,12,19,-7.0,44.0,21.0
22018,1610612743,DEN,Denver Nuggets,21800847,2019-02-11,DEN vs. MIA,W,241,103,38,89,0.4270000000000001,16,37,0.4320000000000001,11,13,0.846,10,35,45,27,7,6,15,17,16.0,45.0,21.0
22018,1610612743,DEN,Denver Nuggets,21800860,2019-02-13,DEN vs. SAC,W,241,120,45,99,0.455,8,31,0.258,22,25,0.88,14,39,53,26,7,1,13,19,2.0,46.0,21.0
22018,1610612743,DEN,Denver Nuggets,21800880,2019-02-22,DEN @ DAL,W,240,114,42,103,0.408,14,37,0.37799999999999995,16,25,0.64,21,42,63,32,11,2,13,26,10.0,47.0,21.0
22018,1610612743,DEN,Denver Nuggets,21800895,2019-02-24,DEN vs. LAC,W,240,123,44,85,0.518,12,34,0.353,23,35,0.657,12,44,56,30,11,6,22,28,27.0,48.0,21.0
22018,1610612743,DEN,Denver Nuggets,21800910,2019-02-26,DEN vs. OKC,W,239,121,41,88,0.466,13,28,0.46399999999999997,26,35,0.743,11,36,47,28,9,4,18,28,9.0,49.0,21.0
22018,1610612743,DEN,Denver Nuggets,21800926,2019-02-28,DEN vs. UTA,L,240,104,40,99,0.40399999999999997,7,25,0.28,17,24,0.708,16,39,55,25,6,5,12,23,-7.0,49.0,22.0
22018,1610612743,DEN,Denver Nuggets,21800941,2019-03-02,DEN vs. NOP,L,241,112,39,92,0.424,9,32,0.281,25,29,0.862,10,34,44,25,13,7,16,22,-8.0,49.0,23.0
22018,1610612743,DEN,Denver Nuggets,21800954,2019-03-04,DEN @ SAS,L,239,103,41,95,0.4320000000000001,17,40,0.425,4,4,1.0,8,35,43,27,5,3,12,17,-1.0,49.0,24.0
22018,1610612743,DEN,Denver Nuggets,21800974,2019-03-06,DEN @ LAL,W,239,115,45,98,0.45899999999999996,13,42,0.31,12,17,0.706,18,37,55,33,6,3,8,17,16.0,50.0,24.0
22018,1610612743,DEN,Denver Nuggets,21800984,2019-03-08,DEN @ GSW,L,241,105,33,87,0.379,12,33,0.364,27,35,0.7709999999999999,14,32,46,21,9,3,17,22,-17.0,50.0,25.0
22018,1610612743,DEN,Denver Nuggets,21801012,2019-03-12,DEN vs. MIN,W,241,133,51,85,0.6,18,30,0.6,13,15,0.867,7,29,36,40,6,6,14,16,26.0,51.0,25.0
22018,1610612743,DEN,Denver Nuggets,21801025,2019-03-14,DEN vs. DAL,W,240,100,39,81,0.48100000000000004,8,29,0.276,14,17,0.8240000000000001,8,36,44,27,6,7,11,16,1.0,52.0,25.0
22018,1610612743,DEN,Denver Nuggets,21801040,2019-03-16,DEN vs. IND,W,240,102,39,82,0.47600000000000003,11,38,0.289,13,20,0.65,9,30,39,27,6,5,10,22,2.0,53.0,25.0
22018,1610612743,DEN,Denver Nuggets,21801052,2019-03-18,DEN @ BOS,W,240,114,46,94,0.489,14,39,0.359,8,10,0.8,11,40,51,29,6,5,17,19,9.0,54.0,25.0
22018,1610612743,DEN,Denver Nuggets,21801075,2019-03-21,DEN @ WAS,W,240,113,46,87,0.529,14,30,0.467,7,11,0.636,9,31,40,30,9,4,8,20,5.0,55.0,25.0
22018,1610612743,DEN,Denver Nuggets,21801082,2019-03-22,DEN @ NYK,W,241,111,40,96,0.41700000000000004,15,38,0.395,16,19,0.8420000000000001,17,45,62,24,5,5,8,15,18.0,56.0,25.0
22018,1610612743,DEN,Denver Nuggets,21801097,2019-03-24,DEN @ IND,L,240,88,33,93,0.355,7,29,0.24100000000000002,15,16,0.938,15,26,41,21,5,7,17,17,-36.0,56.0,26.0
